{"stat.chestOpened":34,"stat.craftItem.minecraft.leather_leggings":1,"stat.useItem.minecraft.bow":1,"stat.pickup.minecraft.redstone_torch":2,"stat.leaveGame":18,"stat.drop.minecraft.ladder":1,"stat.drop.minecraft.redstone":1,"stat.jump":4798,"stat.swimOneCm":28035,"stat.climbOneCm":10264,"stat.fallOneCm":476,"stat.crouchOneCm":45060,"stat.useItem.minecraft.stone_slab2":11484,"stat.drop.minecraft.piston":1,"stat.useItem.minecraft.water_bucket":190,"stat.craftingTableInteraction":7,"stat.drop.minecraft.redstone_torch":1,"stat.drop.minecraft.barrier":6,"stat.pickup.minecraft.command_block":3,"stat.useItem.minecraft.vine":5,"stat.damageTaken":960,"stat.flyOneCm":4382020,"stat.damageDealt":30,"stat.pickup.minecraft.redstone":4,"stat.timeSinceDeath":210,"stat.useItem.minecraft.spawn_egg":3,"stat.cauldronFilled":1,"stat.flowerPotted":2,"stat.pickup.minecraft.piston":1,"stat.drop.minecraft.painting":1,"stat.walkOneCm":576636,"stat.trappedChestTriggered":14,"stat.pickup.minecraft.light_weighted_pressure_plate":3,"stat.pickup.minecraft.stonebrick":4,"stat.craftItem.minecraft.leather_boots":1,"stat.drop.minecraft.dirt":1,"stat.useItem.minecraft.lava_bucket":149,"stat.drop.minecraft.wool":6,"stat.pickup.minecraft.wooden_button":2,"stat.craftItem.minecraft.leather_helmet":5,"stat.drop.minecraft.stone_slab":1,"stat.drop.minecraft.iron_block":1,"stat.drop.minecraft.sign":2,"stat.drop.minecraft.iron_door":3,"stat.drop.minecraft.bedrock":1,"stat.drop.minecraft.glass_pane":2,"stat.drop.minecraft.stonebrick":34,"stat.useItem.minecraft.redstone":3,"stat.drop.minecraft.stained_hardened_clay":2,"stat.pickup.minecraft.leather_helmet":1,"stat.sprintOneCm":607729,"stat.pickup.minecraft.barrier":2,"stat.drop.minecraft.lever":1,"stat.useItem.minecraft.snowball":49,"stat.useItem.minecraft.flint_and_steel":4,"stat.drop.minecraft.lava_bucket":6,"stat.drop.minecraft.dispenser":1,"stat.useItem.minecraft.stonebrick":319,"stat.drop.minecraft.cobblestone_wall":3,"stat.pickup.minecraft.lever":1,"stat.deaths":12,"stat.drop":79,"stat.pickup.minecraft.iron_door":3,"stat.playOneMinute":392236,"stat.craftItem.minecraft.leather_chestplate":1,"stat.useItem.minecraft.ladder":14,"stat.sneakTime":16805,"stat.pickup.minecraft.wool":6,"stat.drop.minecraft.grass":1,"stat.drop.minecraft.wooden_axe":3,"stat.diveOneCm":3349,"stat.pickup.minecraft.chest":1}